Qin;JO;Qin;JC;Phi
1504.81;25.26;1502.392344;49.28571429;0.512585812
1507.13;49.47;1492.822967;99.64285714;0.496510092
